"Input","Match type","Approved symbol","Approved name","HGNC ID","Location"
"AL627309.5","Unmatched","","","",""
"AL390719.2","Unmatched","","","",""
"AL391244.2","Unmatched","","","",""
"AL691432.4","Unmatched","","","",""
"AL691432.2","Unmatched","","","",""
"FO704657.1","Unmatched","","","",""
"AL139246.5","Unmatched","","","",""
"AL512413.1","Unmatched","","","",""
"AL031847.1","Unmatched","","","",""
"LINC00337","Previous symbol","ICMT-DT","ICMT divergent transcript","HGNC:28620","1p36.31"
"AL109811.2","Unmatched","","","",""
"AL021155.5","Unmatched","","","",""
"AL450998.2","Unmatched","","","",""
"Z98257.1","Unmatched","","","",""
"UBXN10-AS1","Previous symbol","PLA2G2C","phospholipase A2 group IIC","HGNC:9032","1p36.12"
"AL353622.1","Unmatched","","","",""
"AL360012.1","Unmatched","","","",""
"AL049795.2","Unmatched","","","",""
"AC114489.1","Unmatched","","","",""
"KIAA1522","Previous symbol","NHSL3","NHS like 3","HGNC:29301","1p35.1"
"YARS","Previous symbol","YARS1","tyrosyl-tRNA synthetase 1","HGNC:12840","1p35.1"
"ADPRHL2","Previous symbol","ADPRS","ADP-ribosylserine hydrolase","HGNC:21304","1p34.3"
"LINC01137","Previous symbol","LITATS1","lncRNA induced by TGF-beta and antagonizes TGF-beta signaling 1","HGNC:49453","1p34.3"
"C1orf109","Previous symbol","AIRIM","AFG2 interacting ribosome maturation factor","HGNC:26039","1p34.3"
"AL139260.1","Unmatched","","","",""
"AL050341.2","Unmatched","","","",""
"AL031985.3","Unmatched","","","",""
"AL603839.3","Unmatched","","","",""
"AL512353.1","Unmatched","","","",""
"SLC2A1-AS1","Previous symbol","SLC2A1-DT","SLC2A1 divergent transcript","HGNC:44187","1p34.2"
"FAM183A","Previous symbol","CFAP144","cilia and flagella associated protein 144","HGNC:34347","1p34.2"
"AL139289.2","Unmatched","","","",""
"AL357079.1","Alias symbol","LINC02918","long intergenic non-protein coding RNA 2918","HGNC:55649","1p34.1"
"AL139220.2","Unmatched","","","",""
"AL604028.1","Unmatched","","","",""
"AL358075.2","Unmatched","","","",""
"AL606760.1","Unmatched","","","",""
"HSPB11","Previous symbol","IFT25","intraflagellar transport 25","HGNC:25019","1p32.3"
"LINC01135","Previous symbol","JUN-DT","JUN divergent transcript","HGNC:49450","1p32.1"
"AC099791.2","Unmatched","","","",""
"WDR78","Previous symbol","DNAI4","dynein axonemal intermediate chain 4","HGNC:26252","1p31.3"
"HHLA3","Previous symbol","ANKRD13C-DT","ANKRD13C divergent transcript","HGNC:4906","1p31.1"
"AC118549.1","Unmatched","","","",""
"AC103591.3","Unmatched","","","",""
"AL359504.2","Unmatched","","","",""
"AL683887.1","Unmatched","","","",""
"AC118553.1","Unmatched","","","",""
"AC104506.1","Unmatched","","","",""
"AC093157.1","Unmatched","","","",""
"AL359258.2","Unmatched","","","",""
"FAM102B","Previous symbol","EEIG2","EEIG family member 2","HGNC:27637","1p13.3"
"AL356488.3","Unmatched","","","",""
"AL356488.2","Unmatched","","","",""
"KIAA1324","Previous symbol","ELAPOR1","endosome-lysosome associated apoptosis and autophagy regulator 1","HGNC:29618","1p13.3"
"SARS","Alias symbol","SARS2","seryl-tRNA synthetase 2, mitochondrial","HGNC:17697","19q13.2"
"SARS","Previous symbol","SARS1","seryl-tRNA synthetase 1","HGNC:10537","1p13.3"
"AL160006.1","Unmatched","","","",""
"AL355488.1","Unmatched","","","",""
"AL355816.2","Unmatched","","","",""
"PIFO","Previous symbol","CIMAP3","ciliary microtubule associated protein 3","HGNC:27009","1p13.2"
"AC253572.2","Unmatched","","","",""
"FCGR1B","Previous symbol","FCGR1BP","Fc gamma receptor Ib, pseudogene","HGNC:3614","1p11.2"
"AL592494.2","Unmatched","","","",""
"AC245014.3","Unmatched","","","",""
"AC239799.2","Unmatched","","","",""
"AC239799.1","Unmatched","","","",""
"AC245407.2","Unmatched","","","",""
"AC242426.2","Unmatched","","","",""
"AC239809.3","Unmatched","","","",""
"AC245297.3","Unmatched","","","",""
"HIST2H2BF","Previous symbol","H2BC18","H2B clustered histone 18","HGNC:24700","1q21.2"
"HIST2H2AA4","Previous symbol","H2AC19","H2A clustered histone 19","HGNC:29668","1q21.2"
"AC239868.1","Unmatched","","","",""
"HIST2H2BE","Previous symbol","H2BC21","H2B clustered histone 21","HGNC:4760","1q21.2"
"HIST2H2AC","Previous symbol","H2AC20","H2A clustered histone 20","HGNC:4738","1q21.2"
"AC244033.2","Unmatched","","","",""
"AL391069.2","Unmatched","","","",""
"BX470102.2","Unmatched","","","",""
"AL358472.4","Unmatched","","","",""
"AL358472.3","Unmatched","","","",""
"AL451085.2","Alias symbol","PYGO2-AS1","PYGO2 and SHC1 antisense RNA 1","HGNC:55250","1q21.3"
"AC234582.1","Unmatched","","","",""
"GBA","Previous symbol","GBA1","glucosylceramidase beta 1","HGNC:4177","1q22"
"FAM189B","Previous symbol","ENTREP3","endosomal transmembrane epsin interactor 3","HGNC:1233","1q22"
"AL353807.5","Unmatched","","","",""
"C1orf61","Previous symbol","MIR9-1HG","MIR9-1 host gene","HGNC:30780","1q22"
"RRNAD1","Previous symbol","METTL25B","methyltransferase like 25B","HGNC:24273","1q23.1"
"AL590560.2","Unmatched","","","",""
"AL592435.1","Unmatched","","","",""
"AL391001.1","Unmatched","","","",""
"Z99572.1","Unmatched","","","",""
"C1orf112","Previous symbol","FIRRM","FIGNL1 interacting regulator of recombination and mitosis","HGNC:25565","1q24.2"
"EEF1AKNMT","Previous symbol","METTL13","methyltransferase 13, eEF1A N-terminus and K55","HGNC:24248","1q24.3"
"AL645568.1","Unmatched","","","",""
"AL162431.1","Unmatched","","","",""
"AL355482.2","Unmatched","","","",""
"AL355999.1","Unmatched","","","",""
"AL354953.1","Unmatched","","","",""
"AL096803.2","Unmatched","","","",""
"AL136454.1","Unmatched","","","",""
"AC096677.1","Alias symbol","CSRP1-AS1","CSRP1 antisense RNA 1","HGNC:55856","1q32.1"
"AC092803.1","Unmatched","","","",""
"EPRS","Previous symbol","EPRS1","glutamyl-prolyl-tRNA synthetase 1","HGNC:3418","1q41"
"MARC2","Previous symbol","MTARC2","mitochondrial amidoxime reducing component 2","HGNC:26064","1q41"
"MARC1","Previous symbol","MTARC1","mitochondrial amidoxime reducing component 1","HGNC:26189","1q41"
"AL592148.3","Unmatched","","","",""
"AL392172.1","Unmatched","","","",""
"AC099066.2","Unmatched","","","",""
"AL591895.1","Unmatched","","","",""
"AL512343.2","Unmatched","","","",""
"AL353593.1","Unmatched","","","",""
"HIST3H2A","Previous symbol","H2AC25","H2A clustered histone 25","HGNC:20507","1q42.13"
"AL162595.1","Unmatched","","","",""
"AL445524.1","Unmatched","","","",""
"AL160408.1","Unmatched","","","",""
"AL391832.2","Unmatched","","","",""
"AL732292.2","Unmatched","","","",""
"TBCE-1","Unmatched","","","",""
"AL359921.2","Unmatched","","","",""
"AL359921.1","Unmatched","","","",""
"CEP170","Approved symbol","CEP170","centrosomal protein 170","HGNC:28920","1q43"
"ADSS","Previous symbol","ADSS2","adenylosuccinate synthase 2","HGNC:292","1q44"
"AL390728.6","Unmatched","","","",""
"AC093390.1","Unmatched","","","",""
"AC108488.1","Unmatched","","","",""
"RNASEH1-AS1","Previous symbol","RNASEH1-DT","RNASEH1 divergent transcript","HGNC:49289","2p25.3"
"AC108488.3","Unmatched","","","",""
"AC093904.4","Unmatched","","","",""
"AC073195.1","Unmatched","","","",""
"AC010969.2","Unmatched","","","",""
"AC104794.3","Unmatched","","","",""
"FAM49A","Previous symbol","CYRIA","CYFIP related Rac1 interactor A","HGNC:25373","2p24.2"
"AC012073.1","Unmatched","","","",""
"FAM166C","Previous symbol","CIMIP2C","ciliary microtubule inner protein 2C","HGNC:27938","2p23.3"
"AC074117.1","Alias symbol","GTF3C2-AS2","GTF3C2 antisense RNA 2","HGNC:55699","2p23.3"
"AC092164.1","Unmatched","","","",""
"AL121658.1","Unmatched","","","",""
"AL133243.2","Unmatched","","","",""
"AC016995.1","Unmatched","","","",""
"AC019171.1","Unmatched","","","",""
"AC010883.3","Unmatched","","","",""
"AC093833.1","Unmatched","","","",""
"AC009236.1","Unmatched","","","",""
"AC079807.1","Unmatched","","","",""
"AC012358.3","Unmatched","","","",""
"AC015982.2","Unmatched","","","",""
"KIAA1841","Previous symbol","SANBR","SANT and BTB domain regulator of CSR","HGNC:29387","2p15"
"AC016747.1","Unmatched","","","",""
"AC016727.1","Alias symbol","USP34-DT","USP34 divergent transcript","HGNC:55262","2p15"
"WDR92","Previous symbol","DNAAF10","dynein axonemal assembly factor 10","HGNC:25176","2p14"
"AC010913.1","Unmatched","","","",""
"AC073263.1","Unmatched","","","",""
"BOLA3-AS1","Previous symbol","BOLA3-DT","BOLA3 divergent transcript","HGNC:42922","2p13.1"
"AC005041.5","Unmatched","","","",""
"AC009309.1","Unmatched","","","",""
"AC233266.2","Unmatched","","","",""
"AC009237.14","Alias symbol","LINC03052","long intergenic non-protein coding RNA 3052","HGNC:56335","2q11.1"
"AC092683.1","Alias symbol","APPAT","atherosclerotic plaque pathogenesis associated transcript","HGNC:56009","2q11.2"
"KIAA1211L","Previous symbol","CRACDL","CRACD like","HGNC:33454","2q11.2"
"AC012360.2","Unmatched","","","",""
"AC012360.3","Unmatched","","","",""
"AC079922.2","Unmatched","","","",""
"CBWD2","Previous symbol","ZNG1B","Zn regulated GTPase metalloprotein activator 1B","HGNC:17907","2q14.1"
"AC009404.1","Unmatched","","","",""
"AC012363.2","Unmatched","","","",""
"AC017033.1","Unmatched","","","",""
"AC012306.2","Unmatched","","","",""
"DARS","Previous symbol","DARS1","aspartyl-tRNA synthetase 1","HGNC:2678","2q21.3"
"DARS-AS1","Previous symbol","DARS1-AS1","DARS1 antisense RNA 1","HGNC:40170","2q21.3"
"AC091488.1","Unmatched","","","",""
"AC009506.1","Unmatched","","","",""
"AC009961.1","Unmatched","","","",""
"MARCH7","Previous symbol","MARCHF7","membrane associated ring-CH-type finger 7","HGNC:17393","2q24.2"
"AC007405.3","Unmatched","","","",""
"AC010894.2","Unmatched","","","",""
"TTC30B","Previous symbol","IFT70B","intraflagellar transport 70B","HGNC:26425","2q31.2"
"TTC30A","Previous symbol","IFT70A","intraflagellar transport 70A","HGNC:25853","2q31.2"
"AC108047.1","Unmatched","","","",""
"FAM126B","Previous symbol","HYCC2","hyccin PI4KA lipid kinase complex subunit 2","HGNC:28593","2q33.1"
"AC069148.1","Unmatched","","","",""
"AC064836.3","Unmatched","","","",""
"AC007383.2","Alias symbol","INO80D-AS1","INO80D antisense RNA 1","HGNC:55803","2q33.3"
"AC007038.2","Unmatched","","","",""
"AC079610.1","Unmatched","","","",""
"AC098820.1","Unmatched","","","",""
"AC021016.3","Unmatched","","","",""
"AC097662.1","Unmatched","","","",""
"AC104667.2","Unmatched","","","",""
"AC024060.2","Unmatched","","","",""
"AC018816.1","Unmatched","","","",""
"AC083855.2","Unmatched","","","",""
"AC061958.1","Unmatched","","","",""
"AC097639.1","Unmatched","","","",""
"AC112220.2","Unmatched","","","",""
"QARS","Previous symbol","EPRS1","glutamyl-prolyl-tRNA synthetase 1","HGNC:3418","1q41"
"QARS","Previous symbol","QARS1","glutaminyl-tRNA synthetase 1","HGNC:9751","3p21.31"
"CYB561D2-1","Unmatched","","","",""
"SMIM4","Previous symbol","UQCC5","ubiquinol-cytochrome c reductase complex assembly factor 5","HGNC:37257","3p21.1"
"AC012467.2","Unmatched","","","",""
"C3orf67","Previous symbol","CFAP20DC","CFAP20 domain containing","HGNC:24763","3p14.2"
"C3orf14","Previous symbol","CEP15","centrosomal protein 15","HGNC:25024","3p14.2"
"AC104162.2","Unmatched","","","",""
"SUCLG2-AS1","Previous symbol","SUCLG2-DT","SUCLG2 divergent transcript","HGNC:49643","3p14.1"
"MAATS1","Previous symbol","CFAP91","cilia and flagella associated protein 91","HGNC:24010","3q13.33"
"AC092910.3","Unmatched","","","",""
"CCDC58","Previous symbol","MIX23","mitochondrial matrix import factor 23","HGNC:31136","3q21.1"
"AC083798.2","Unmatched","","","",""
"ALG1L","Previous symbol","ALG1L1P","ALG1 like 1, pseudogene","HGNC:33721","3q21.2"
"AC079848.1","Unmatched","","","",""
"AC112484.3","Unmatched","","","",""
"KIAA1257","Previous symbol","CFAP92","cilia and flagella associated protein 92 (putative)","HGNC:29231","3q21.3"
"AC108673.3","Unmatched","","","",""
"AC137695.3","Unmatched","","","",""
"H1FX-AS1","Previous symbol","H1-10-AS1","H1-10 antisense RNA 1","HGNC:27953","3q21.3"
"AC083799.1","Unmatched","","","",""
"TMCC1-AS1","Previous symbol","TMCC1-DT","TMCC1 divergent transcript","HGNC:49060","3q22.1"
"AC010210.1","Unmatched","","","",""
"ACPP","Previous symbol","ACP3","acid phosphatase 3","HGNC:125","3q22.1"
"AC096992.2","Unmatched","","","",""
"AC046134.2","Unmatched","","","",""
"AC026304.1","Unmatched","","","",""
"AC091607.2","Unmatched","","","",""
"AC084036.1","Unmatched","","","",""
"AC092944.1","Unmatched","","","",""
"AC106707.1","Unmatched","","","",""
"AC080013.4","Unmatched","","","",""
"AC080013.6","Unmatched","","","",""
"AC080013.1","Unmatched","","","",""
"AC080013.3","Unmatched","","","",""
"AC112770.1","Unmatched","","","",""
"LINC00884","Previous symbol","ATP13A3-DT","ATP13A3 divergent transcript","HGNC:48570","3q29"
"AC233280.1","Unmatched","","","",""
"TCTEX1D2","Previous symbol","DYNLT2B","dynein light chain Tctex-type 2B","HGNC:28482","3q29"
"AC024560.4","Unmatched","","","",""
"AC024560.1","Unmatched","","","",""
"AC139887.2","Unmatched","","","",""
"CRIPAK","Entry withdrawn","CRIPAK","","HGNC:26619",""
"AC016773.1","Unmatched","","","",""
"C4orf48","Previous symbol","NICOL1","NELL2 interacting cell ontogeny regulator 1","HGNC:34437","4p16.3"
"AC093323.1","Unmatched","","","",""
"AC106045.1","Unmatched","","","",""
"AC104825.1","Unmatched","","","",""
"AC024230.1","Unmatched","","","",""
"AC107068.1","Unmatched","","","",""
"USP46-AS1","Previous symbol","USP46-DT","USP46 divergent transcript","HGNC:43991","4q12"
"UBA6-AS1","Previous symbol","UBA6-DT","UBA6 divergent transcript","HGNC:49083","4q13.2"
"AC124016.1","Unmatched","","","",""
"AC093827.4","Unmatched","","","",""
"AC019131.2","Unmatched","","","",""
"AP002026.1","Unmatched","","","",""
"H2AFZ","Previous symbol","H2AZ1","H2A.Z variant histone 1","HGNC:4741","4q23"
"AP001816.1","Unmatched","","","",""
"AC098487.1","Unmatched","","","",""
"AC004069.1","Unmatched","","","",""
"AC096564.1","Unmatched","","","",""
"AC109347.2","Unmatched","","","",""
"TMEM155","Entry withdrawn","TMEM155","","HGNC:26418",""
"AC079341.1","Unmatched","","","",""
"KIAA1109","Previous symbol","BLTP1","bridge-like lipid transfer protein family member 1","HGNC:26953","4q27"
"SPATA5","Previous symbol","AFG2A","AAA ATPase AFG2A","HGNC:18119","4q28.1"
"AC097376.3","Unmatched","","","",""
"FAM160A1","Previous symbol","FHIP1A","FHF complex subunit HOOK interacting protein 1A","HGNC:34237","4q31.3"
"AC104083.1","Unmatched","","","",""
"AC093817.2","Unmatched","","","",""
"MARCH1","Previous symbol","MARCHF1","membrane associated ring-CH-type finger 1","HGNC:26077","4q32.2-q32.3"
"AC105285.1","Unmatched","","","",""
"AC097534.2","Unmatched","","","",""
"AC093849.2","Unmatched","","","",""
"AC107214.1","Unmatched","","","",""
"AC099343.3","Unmatched","","","",""
"AC026748.3","Unmatched","","","",""
"AC025183.1","Unmatched","","","",""
"AC124852.1","Unmatched","","","",""
"C5orf38","Previous symbol","IRX2-DT","IRX2 divergent transcript","HGNC:24226","5p15.33"
"AC091978.1","Unmatched","","","",""
"C5orf49","Previous symbol","CFAP90","cilia and flagella associated protein 90","HGNC:27028","5p15.31"
"AC012640.2","Unmatched","","","",""
"MARCH6","Previous symbol","MARCHF6","membrane associated ring-CH-type finger 6","HGNC:30550","5p15.2"
"AC026785.3","Unmatched","","","",""
"AC025181.2","Unmatched","","","",""
"TARS","Previous symbol","TARS1","threonyl-tRNA synthetase 1","HGNC:11572","5p13.3"
"AC026801.2","Unmatched","","","",""
"AC025449.2","Unmatched","","","",""
"OSMR-AS1","Previous symbol","OSMR-DT","OSMR divergent transcript","HGNC:50296","5p13.1"
"C5orf51","Previous symbol","RIMOC1","RAB7A interacting MON1-CCZ1 complex subunit 1","HGNC:27750","5p13.1"
"AC008875.3","Unmatched","","","",""
"AC025171.1","Unmatched","","","",""
"AC093297.2","Unmatched","","","",""
"AC010273.3","Unmatched","","","",""
"MRPS36","Previous symbol","KGD4","alpha-ketoglutarate dehydrogenase subunit 4","HGNC:16631","5q13.2"
"AC146944.4","Unmatched","","","",""
"AC008771.1","Unmatched","","","",""
"TMEM161B-AS1","Previous symbol","TMEM161B-DT","TMEM161B divergent transcript","HGNC:43839","5q14.3"
"FAM172A","Previous symbol","ARB2A","ARB2 cotranscriptional regulator A","HGNC:25365","5q15"
"TTC37","Previous symbol","SKIC3","SKI3 subunit of superkiller complex","HGNC:23639","5q15"
"AC008592.5","Unmatched","","","",""
"LINC02062","Previous symbol","CHD1-DT","CHD1 divergent transcript","HGNC:52907","5q21.1"
"C5orf30","Previous symbol","MACIR","macrophage immunometabolism regulator","HGNC:25052","5q21.1"
"AC010226.1","Unmatched","","","",""
"AC034236.2","Unmatched","","","",""
"AC022101.1","Unmatched","","","",""
"MARCH3","Previous symbol","MARCHF3","membrane associated ring-CH-type finger 3","HGNC:28728","5q23.2"
"LINC01184","Previous symbol","SLC12A2-DT","SLC12A2 divergent transcript","HGNC:49565","5q23.3"
"C5orf56","Previous symbol","CARINH","colitis associated IRF1 antisense regulator of intestinal homeostasis","HGNC:33838","5q31.1"
"AC113410.4","Unmatched","","","",""
"AC008608.2","Unmatched","","","",""
"C5orf66","Previous symbol","PITX1-AS1","PITX1 antisense RNA 1","HGNC:48332","5q31.1"
"C5orf66-AS1","Previous symbol","EPIST","esophagus epithelial intergenic associated transcript","HGNC:49679","5q31.1"
"H2AFY","Previous symbol","MACROH2A1","macroH2A.1 histone","HGNC:4740","5q31.1"
"AC026691.1","Unmatched","","","",""
"AC106791.1","Unmatched","","","",""
"TMEM173","Previous symbol","STING1","stimulator of interferon response cGAMP interactor 1","HGNC:27962","5q31.2"
"MALINC1","Approved symbol","MALINC1","mitosis associated long intergenic non-coding RNA 1","HGNC:49009","5q31.2"
"HARS","Previous symbol","HARS1","histidyl-tRNA synthetase 1","HGNC:4816","5q31.3"
"AC008781.1","Unmatched","","","",""
"LARS","Previous symbol","LARS1","leucyl-tRNA synthetase 1","HGNC:6512","5q32"
"AC011374.1","Unmatched","","","",""
"ZBED8","Previous symbol","FAM200C","family with sequence similarity 200 member C","HGNC:30804","5q33.3"
"AC026689.1","Unmatched","","","",""
"RARS","Previous symbol","RARS1","arginyl-tRNA synthetase 1","HGNC:9870","5q34"
"AC139795.3","Unmatched","","","",""
"AC136604.3","Unmatched","","","",""
"AC008610.1","Unmatched","","","",""
"AC034213.1","Unmatched","","","",""
"AC008443.5","Unmatched","","","",""
"AC008443.1","Unmatched","","","",""
"AL512329.2","Unmatched","","","",""
"AL391422.4","Unmatched","","","",""
"AL359643.3","Unmatched","","","",""
"AL021328.1","Unmatched","","","",""
"AL031123.2","Unmatched","","","",""
"AL031123.1","Unmatched","","","",""
"AL031123.5","Unmatched","","","",""
"AL031058.1","Unmatched","","","",""
"HULC","Approved symbol","HULC","hepatocellular carcinoma up-regulated long non-coding RNA","HGNC:34232","6p24.3"
"AL024498.1","Unmatched","","","",""
"AL441883.1","Unmatched","","","",""
"AL138724.1","Unmatched","","","",""
"AL031775.1","Unmatched","","","",""
"U91328.1","Unmatched","","","",""
"HIST1H1C","Previous symbol","H1-2","H1.2 linker histone, cluster member","HGNC:4716","6p22.2"
"HIST1H4C","Previous symbol","H4C3","H4 clustered histone 3","HGNC:4787","6p22.2"
"HIST1H2BC","Previous symbol","H2BC4","H2B clustered histone 4","HGNC:4757","6p22.2"
"HIST1H2AC","Previous symbol","H2AC6","H2A clustered histone 6","HGNC:4733","6p22.2"
"HIST1H2BD","Previous symbol","H2BC5","H2B clustered histone 5","HGNC:4747","6p22.2"
"HIST1H2BG","Previous symbol","H2BC8","H2B clustered histone 8","HGNC:4746","6p22.2"
"HIST1H2AE","Previous symbol","H2AC8","H2A clustered histone 8","HGNC:4724","6p22.2"
"HIST1H2BH","Previous symbol","H2BC9","H2B clustered histone 9","HGNC:4755","6p22.2"
"HIST1H4H","Previous symbol","H4C8","H4 clustered histone 8","HGNC:4788","6p22.2"
"AL513548.1","Unmatched","","","",""
"AL021807.1","Unmatched","","","",""
"HIST1H2BJ","Previous symbol","H2BC11","H2B clustered histone 11","HGNC:4761","6p22.1"
"HIST1H2AG","Previous symbol","H2AC11","H2A clustered histone 11","HGNC:4737","6p22.1"
"AL009179.2","Unmatched","","","",""
"HIST1H3H","Previous symbol","H3C10","H3 clustered histone 10","HGNC:4775","6p22.1"
"HIST1H4J","Previous symbol","H4C11","H4 clustered histone 11","HGNC:4785","6p22.1"
"HIST1H2BN","Previous symbol","H2BC15","H2B clustered histone 15","HGNC:4749","6p22.1"
"AL121944.1","Unmatched","","","",""
"ZNRD1","Previous symbol","POLR1H","RNA polymerase I subunit H","HGNC:13182","6p22.1"
"VARS","Previous symbol","VARS1","valyl-tRNA synthetase 1","HGNC:12651","6p21.33"
"SKIV2L","Previous symbol","SKIC2","SKI2 subunit of superkiller complex","HGNC:10898","6p21.33"
"AL662884.3","Unmatched","","","",""
"AL451165.2","Unmatched","","","",""
"UHRF1BP1","Previous symbol","BLTP3A","bridge-like lipid transfer protein family member 3A","HGNC:21216","6p21.31"
"AL035587.2","Unmatched","","","",""
"AL109615.3","Alias symbol","SCIRT","stem cell inhibitory RNA transcript","HGNC:55341","6p21.1"
"AL133334.1","Unmatched","","","",""
"AL355353.1","Unmatched","","","",""
"ICK","Previous symbol","CILK1","ciliogenesis associated kinase 1","HGNC:21219","6p12.1"
"AL590652.1","Unmatched","","","",""
"AL033384.1","Unmatched","","","",""
"AL021368.2","Unmatched","","","",""
"AL445250.1","Unmatched","","","",""
"AL135905.1","Unmatched","","","",""
"AL135905.2","Unmatched","","","",""
"AC019205.1","Unmatched","","","",""
"AL359715.3","Unmatched","","","",""
"AL513550.1","Unmatched","","","",""
"AL133338.1","Unmatched","","","",""
"LINC00271","Previous symbol","AHI1-DT","AHI1 divergent transcript","HGNC:32526","6q23.3"
"AL023284.4","Unmatched","","","",""
"AL024508.2","Unmatched","","","",""
"AL590617.2","Unmatched","","","",""
"AL356599.1","Unmatched","","","",""
"AL358852.1","Unmatched","","","",""
"AL355312.4","Unmatched","","","",""
"AL078582.1","Unmatched","","","",""
"AL080276.2","Unmatched","","","",""
"AL035530.2","Unmatched","","","",""
"AL356417.2","Unmatched","","","",""
"AL391361.2","Unmatched","","","",""
"AL139393.2","Unmatched","","","",""
"AL139393.1","Unmatched","","","",""
"AL139393.3","Unmatched","","","",""
"AL450345.2","Unmatched","","","",""
"AL590302.1","Unmatched","","","",""
"AL627443.3","Unmatched","","","",""
"FGFR1OP","Previous symbol","CEP43","centrosomal protein 43","HGNC:17012","6q27"
"AL009178.3","Unmatched","","","",""
"BX322234.1","Unmatched","","","",""
"AL135910.1","Unmatched","","","",""
"AL354892.2","Unmatched","","","",""
"TCTE3","Previous symbol","DYNLT2","dynein light chain Tctex-type 2","HGNC:11695","6q27"
"AL596442.2","Unmatched","","","",""
"AC093627.5","Unmatched","","","",""
"AC093627.4","Unmatched","","","",""
"AC091729.3","Unmatched","","","",""
"AC102953.2","Unmatched","","","",""
"AC072054.1","Unmatched","","","",""
"AC092171.4","Unmatched","","","",""
"AC092171.5","Alias symbol","LINC03073","long intergenic non-protein coding RNA 3073","HGNC:56651","7p22.1"
"C7orf26","Previous symbol","INTS15","integrator complex subunit 15","HGNC:21702","7p22.1"
"AC004982.2","Unmatched","","","",""
"AC007009.1","Unmatched","","","",""
"AC073332.1","Unmatched","","","",""
"TWISTNB","Previous symbol","POLR1F","RNA polymerase I subunit F","HGNC:18027","7p21.1"
"AC004130.2","Unmatched","","","",""
"FAM126A","Previous symbol","HYCC1","hyccin PI4KA lipid kinase complex subunit 1","HGNC:24587","7p15.3"
"MPP6","Previous symbol","PALS2","protein associated with LIN7 2, MAGUK p55 family member","HGNC:18167","7p15.3"
"MPP6","Alias symbol","MPHOSPH6","M-phase phosphoprotein 6","HGNC:7214","16q23.3"
"C7orf31","Previous symbol","SPMIP4","sperm microtubule inner protein 4","HGNC:21722","7p15.3"
"AC004540.1","Unmatched","","","",""
"AC005162.3","Unmatched","","","",""
"GARS-DT","Previous symbol","GARS1-DT","GARS1 divergent transcript","HGNC:48951","7p14.3"
"GARS","Previous symbol","GARS1","glycyl-tRNA synthetase 1","HGNC:4162","7p14.3"
"AC018645.3","Unmatched","","","",""
"AC018647.2","Unmatched","","","",""
"KIAA0895","Previous symbol","MATCAP2","microtubule associated tyrosine carboxypeptidase 2","HGNC:22206","7p14.2"
"AC004951.1","Unmatched","","","",""
"H2AFV","Previous symbol","H2AZ2","H2A.Z variant histone 2","HGNC:20664","7p13"
"AC004854.2","Unmatched","","","",""
"AC004870.2","Unmatched","","","",""
"AC016769.5","Unmatched","","","",""
"AC073349.1","Unmatched","","","",""
"AC073210.3","Unmatched","","","",""
"AC008267.5","Unmatched","","","",""
"AC006001.2","Unmatched","","","",""
"AC027644.3","Unmatched","","","",""
"AC006480.2","Unmatched","","","",""
"AC211476.6","Unmatched","","","",""
"KIAA1324L","Previous symbol","ELAPOR2","endosome-lysosome associated apoptosis and autophagy regulator family member 2","HGNC:21945","7q21.12"
"AC005076.1","Unmatched","","","",""
"AC002456.1","Unmatched","","","",""
"AC007566.1","Unmatched","","","",""
"AC079781.5","Unmatched","","","",""
"MAP11","Previous symbol","TRAPPC14","trafficking protein particle complex subunit 14","HGNC:25604","7q22.1"
"CASTOR3","Previous symbol","CASTOR3P","CASTOR family member 3, pseudogene","HGNC:29954","7q22.1"
"AC006329.1","Unmatched","","","",""
"AC007032.1","Alias symbol","NAMPT-AS1","NAMPT antisense RNA 1","HGNC:56696","7q22.3"
"AC002467.1","Unmatched","","","",""
"AC006333.2","Unmatched","","","",""
"AC090114.2","Alias symbol","LINC03072","long intergenic non-protein coding RNA 3072","HGNC:56650","7q32.1"
"FAM71F2","Previous symbol","GARIN1A","golgi associated RAB2 interactor 1A","HGNC:27998","7q32.1"
"AC078846.1","Unmatched","","","",""
"AC009275.1","Unmatched","","","",""
"AC083862.3","Unmatched","","","",""
"TTC26","Previous symbol","IFT56","intraflagellar transport 56","HGNC:21882","7q34"
"AC083880.1","Unmatched","","","",""
"AC004918.1","Unmatched","","","",""
"AC004918.4","Unmatched","","","",""
"AC093673.1","Unmatched","","","",""
"AC004889.1","Unmatched","","","",""
"AC005229.4","Unmatched","","","",""
"ZBED6CL","Previous symbol","ZBED10P","zinc finger BED-type containing 10, pseudogene","HGNC:21720","7q36.1"
"AC073111.4","Unmatched","","","",""
"AC021097.1","Unmatched","","","",""
"PAXIP1-AS1","Previous symbol","PAXIP1-DT","PAXIP1 divergent transcript","HGNC:27328","7q36.2"
"AC144652.1","Unmatched","","","",""
"AC009403.1","Unmatched","","","",""
"LINC01006","Previous symbol","RNF32-DT","RNF32 divergent transcript","HGNC:48971","7q36.3"
"WDR60","Previous symbol","DYNC2I1","dynein 2 intermediate chain 1","HGNC:21862","7q36.3"
"AC100810.1","Unmatched","","","",""
"AC100810.7","Unmatched","","","",""
"AC016065.1","Unmatched","","","",""
"AC022784.1","Unmatched","","","",""
"AC068587.4","Unmatched","","","",""
"FAM160B2","Previous symbol","FHIP2B","FHF complex subunit HOOK interacting protein 2B","HGNC:16492","8p21.3"
"AC100861.1","Unmatched","","","",""
"PBK","Approved symbol","PBK","PDZ binding kinase","HGNC:18282","8p21.1"
"AC026979.2","Unmatched","","","",""
"EFCAB1","Previous symbol","CLXN","calaxin","HGNC:25678","8q11.21"
"AC064807.1","Unmatched","","","",""
"AC064807.4","Unmatched","","","",""
"AC022034.1","Unmatched","","","",""
"IMPAD1","Previous symbol","BPNT2","3''(2''), 5''-bisphosphate nucleotidase 2","HGNC:26019","8q12.1"
"YTHDF3-AS1","Previous symbol","YTHDF3-DT","YTHDF3 divergent transcript","HGNC:48728","8q12.3"
"AC055822.1","Unmatched","","","",""
"AC009812.1","Unmatched","","","",""
"AC100801.1","Unmatched","","","",""
"AC103760.1","Alias symbol","WWP1-AS1","WWP1 antisense RNA 1","HGNC:55520","8q21.3"
"AF117829.1","Alias symbol","PARAIL","palmitic acid regulated anti-inflammatory lncRNA","HGNC:55545","8q21.3"
"FAM92A","Previous symbol","CIBAR1","CBY1 interacting BAR domain containing 1","HGNC:30452","8q22.1"
"AC120053.1","Unmatched","","","",""
"AC108860.2","Unmatched","","","",""
"C8orf37-AS1","Previous symbol","CFAP418-AS1","CFAP418 antisense RNA 1","HGNC:50444","8q22.1"
"C8orf37","Previous symbol","CFAP418","cilia and flagella associated protein 418","HGNC:27232","8q22.1"
"AP003352.1","Alias symbol","RPL30-AS1","RPL30 antisense RNA 1","HGNC:56064","8q22.2"
"VPS13B-DT","Approved symbol","VPS13B-DT","VPS13B divergent transcript","HGNC:54375","8q22.2"
"AP001574.1","Unmatched","","","",""
"AP001207.3","Unmatched","","","",""
"UBR5-AS1","Previous symbol","UBR5-DT","UBR5 divergent transcript","HGNC:51661","8q22.3"
"AP002852.1","Unmatched","","","",""
"AZIN1-AS1","Previous symbol","MAILR","macrophage interferon regulatory lncRNA","HGNC:51558","8q22.3"
"BAALC-AS1","Approved symbol","BAALC-AS1","BAALC antisense RNA 1","HGNC:50461","8q22.3"
"AC027031.2","Unmatched","","","",""
"WDYHV1","Previous symbol","NTAQ1","N-terminal glutamine amidase 1","HGNC:25490","8q24.13"
"RNF139-AS1","Previous symbol","RNF139-DT","RNF139 divergent transcript","HGNC:48940","8q24.13"
"AC100858.3","Unmatched","","","",""
"FAM49B","Previous symbol","CYRIB","CYFIP related Rac1 interactor B","HGNC:25216","8q24.21"
"LRRC6","Previous symbol","DNAAF11","dynein axonemal assembly factor 11","HGNC:16725","8q24.22"
"AC103706.1","Unmatched","","","",""
"AC107375.1","Unmatched","","","",""
"TSTA3","Previous symbol","GFUS","GDP-L-fucose synthase","HGNC:12390","8q24.3"
"AC105219.1","Unmatched","","","",""
"AC109322.1","Unmatched","","","",""
"CYHR1","Previous symbol","ZFTRAF1","zinc finger TRAF-type containing 1","HGNC:17806","8q24.3"
"CBWD1","Previous symbol","ZNG1A","Zn regulated GTPase metalloprotein activator 1A","HGNC:17134","9p24.3"
"AL162253.2","Unmatched","","","",""
"KIAA2026","Previous symbol","BRD10","bromodomain containing 10","HGNC:23378","9p24.1"
"AL354707.1","Unmatched","","","",""
"AL158206.1","Unmatched","","","",""
"DDX58","Previous symbol","RIGI","RNA sensor RIG-I","HGNC:19102","9p21.1"
"AL162231.1","Unmatched","","","",""
"AL162231.2","Unmatched","","","",""
"FAM214B","Previous symbol","ATOSB","atos homolog B","HGNC:25666","9p13.3"
"RMRP","Approved symbol","RMRP","RNA component of mitochondrial RNA processing endoribonuclease","HGNC:10031","9p13.3"
"BX664615.2","Unmatched","","","",""
"CBWD6","Previous symbol","ZNG1F","Zn regulated GTPase metalloprotein activator 1F","HGNC:31978","9p11.2"
"AL512625.1","Unmatched","","","",""
"CBWD5","Previous symbol","ZNG1E","Zn regulated GTPase metalloprotein activator 1E","HGNC:24584","9q21.11"
"CBWD3","Previous symbol","ZNG1C","Zn regulated GTPase metalloprotein activator 1C","HGNC:18519","9q21.11"
"AL161457.2","Unmatched","","","",""
"FAM122A","Previous symbol","PABIR1","PP2A Aalpha (PPP2R1A) and B55A (PPP2R2A) interacting phosphatase regulator 1","HGNC:23490","9q21.11"
"AL499602.1","Unmatched","","","",""
"C9orf64","Previous symbol","QNG1","Q-nucleotide N-glycosylase 1","HGNC:28144","9q21.32"
"AL583827.1","Unmatched","","","",""
"C9orf170","Previous symbol","LINC02872","long intergenic non-protein coding RNA 2872","HGNC:33817","9q21.33"
"AL353572.4","Unmatched","","","",""
"AL353748.3","Unmatched","","","",""
"AL158071.1","Unmatched","","","",""
"IARS","Previous symbol","IARS1","isoleucyl-tRNA synthetase 1","HGNC:5330","9q22.31"
"AL158152.1","Unmatched","","","",""
"LINC00476","Previous symbol","ERCC6L2-AS1","ERCC6L2 antisense RNA 1","HGNC:27858","9q22.32"
"AL589843.1","Unmatched","","","",""
"MFSD14C","Previous symbol","SLC71A3P","solute carrier family 71 member 3, pseudogene","HGNC:23672","9q22.33"
"AL590705.1","Unmatched","","","",""
"STX17-AS1","Alias symbol","NAMA","non-protein coding RNA, associated with MAP kinase pathway and growth arrest","HGNC:42408","9q22.33"
"PALM2-AKAP2","Previous symbol","PALM2AKAP2","PALM2 and AKAP2 fusion","HGNC:33529","9q31.3"
"AL138756.1","Unmatched","","","",""
"ZNF883","Approved symbol","ZNF883","zinc finger protein 883","HGNC:27271","9q32"
"AC007066.2","Unmatched","","","",""
"AL161908.1","Unmatched","","","",""
"FAM102A","Previous symbol","EEIG1","estrogen-induced osteoclastogenesis regulator 1","HGNC:31419","9q34.11"
"C9orf16","Previous symbol","BBLN","bublin coiled coil protein","HGNC:17823","9q34.11"
"WDR34","Previous symbol","DYNC2I2","dynein 2 intermediate chain 2","HGNC:28296","9q34.11"
"AL441992.1","Unmatched","","","",""
"LINC00963","Approved symbol","LINC00963","long intergenic non-protein coding RNA 963","HGNC:48716","9q34.11"
"PRRC2B","Approved symbol","PRRC2B","proline rich coiled-coil 2B","HGNC:28121","9q34.13"
"AL355574.1","Unmatched","","","",""
"AL590226.2","Unmatched","","","",""
"BX255925.3","Unmatched","","","",""
"AL137186.2","Unmatched","","","",""
"AL157392.3","Unmatched","","","",""
"HSPA14-1","Unmatched","","","",""
"AC069544.1","Unmatched","","","",""
"AL365203.2","Unmatched","","","",""
"AL117336.2","Unmatched","","","",""
"C10orf25","Previous symbol","ZNF22-AS1","ZNF22 antisense RNA 1","HGNC:23509","10q11.21"
"MARCH8","Previous symbol","MARCHF8","membrane associated ring-CH-type finger 8","HGNC:23356","10q11.21-q11.22"
"AL356056.2","Unmatched","","","",""
"AC245041.2","Unmatched","","","",""
"AL513534.2","Unmatched","","","",""
"KIF1BP","Previous symbol","KIFBP","kinesin family binding protein","HGNC:23419","10q22.1"
"H2AFY2","Previous symbol","MACROH2A2","macroH2A.2 histone","HGNC:14453","10q22.1"
"AC016394.2","Unmatched","","","",""
"AC016394.1","Unmatched","","","",""
"AC073389.1","Unmatched","","","",""
"AC010997.5","Unmatched","","","",""
"AL450306.1","Unmatched","","","",""
"AL135925.1","Unmatched","","","",""
"AL731569.1","Unmatched","","","",""
"AC067750.1","Unmatched","","","",""
"MARCH5","Previous symbol","MARCHF5","membrane associated ring-CH-type finger 5","HGNC:26025","10q23.32-q23.33"
"AL391684.1","Unmatched","","","",""
"AL133353.1","Unmatched","","","",""
"AC010789.1","Alias symbol","LINC03046","long intergenic non-protein coding RNA 3046","HGNC:56262","10q24.32"
"RPARP-AS1","Previous symbol","C10orf95-AS1","C10orf95 antisense RNA 1","HGNC:45238","10q24.32"
"ATP5MD","Previous symbol","ATP5MK","ATP synthase membrane subunit k","HGNC:30889","10q24.33"
"AL158212.3","Unmatched","","","",""
"AL133482.1","Unmatched","","","",""
"FAM160B1","Previous symbol","FHIP2A","FHF complex subunit HOOK interacting protein 2A","HGNC:29320","10q25.3"
"AL731571.1","Unmatched","","","",""
"AP006621.3","Unmatched","","","",""
"TOLLIP-AS1","Previous symbol","TOLLIP-DT","TOLLIP divergent transcript","HGNC:27403","11p15.5"
"CARS","Previous symbol","CARS1","cysteinyl-tRNA synthetase 1","HGNC:1493","11p15.4"
"AC127526.5","Unmatched","","","",""
"FAM160A2","Previous symbol","FHIP1B","FHF complex subunit HOOK interacting protein 1B","HGNC:25378","11p15.4"
"ST5","Previous symbol","DENND2B","DENN domain containing 2B","HGNC:11350","11p15.4"
"AC132192.2","Unmatched","","","",""
"MTRNR2L8","Approved symbol","MTRNR2L8","MT-RNR2 like 8 (pseudogene)","HGNC:37165","11p15.4"
"MRVI1","Previous symbol","IRAG1","inositol 1,4,5-triphosphate receptor associated 1","HGNC:7237","11p15.4"
"ARNTL","Previous symbol","BMAL1","basic helix-loop-helix ARNT like 1","HGNC:701","11p15.3"
"SPTY2D1OS","Previous symbol","MISFA","mitochondrial sheath formation associated","HGNC:44122","11p15.1"
"C11orf74","Previous symbol","IFTAP","intraflagellar transport associated protein","HGNC:25142","11p12"
"C11orf49","Previous symbol","CSTPP1","centriolar satellite-associated tubulin polyglutamylase complex regulator 1","HGNC:28720","11p11.2"
"AP001160.3","Unmatched","","","",""
"AP000438.1","Unmatched","","","",""
"C11orf95","Previous symbol","ZFTA","zinc finger translocation associated","HGNC:28449","11q13.1"
"AP006333.1","Unmatched","","","",""
"AP001462.1","Unmatched","","","",""
"AP003068.2","Unmatched","","","",""
"SSSCA1-AS1","Previous symbol","ZNRD2-DT","ZNRD2 divergent transcript","HGNC:27384","11q13.1"
"AP001107.9","Unmatched","","","",""
"AP002748.4","Unmatched","","","",""
"C11orf80","Previous symbol","TOP6BL","TOP6B like initiator of meiotic double strand breaks","HGNC:26197","11q13.2"
"AP002807.1","Unmatched","","","",""
"AP002387.2","Alias symbol","DHCR7-DT","DHCR7 divergent transcript","HGNC:56822","11q13.4"
"AP003498.2","Unmatched","","","",""
"FAM86C1","Previous symbol","FAM86C1P","family with sequence similarity 86 member C1, pseudogene","HGNC:25561","11q13.4"
"AP002495.1","Unmatched","","","",""
"AP002381.2","Unmatched","","","",""
"AP002761.4","Unmatched","","","",""
"AP001372.2","Unmatched","","","",""
"AP002360.1","Unmatched","","","",""
"AP003119.3","Unmatched","","","",""
"AP000873.2","Unmatched","","","",""
"AP002784.1","Unmatched","","","",""
"AP001527.2","Unmatched","","","",""
"AP001830.1","Unmatched","","","",""
"AP003307.1","Unmatched","","","",""
"COLCA2","Previous symbol","POU2AF3","POU class 2 homeobox associating factor 3","HGNC:26978","11q23.1"
"C11orf1","Previous symbol","CFAP68","cilia and flagella associated protein 68","HGNC:1163","11q23.1"
"AP004609.3","Unmatched","","","",""
"CCDC84","Previous symbol","CENATAC","centrosomal AT-AC splicing factor","HGNC:30460","11q23.3"
"AP003392.3","Unmatched","","","",""
"H2AFX","Previous symbol","H2AX","H2A.X variant histone","HGNC:4739","11q23.3"
"AP003486.1","Unmatched","","","",""
"AC007406.5","Unmatched","","","",""
"AC021054.1","Unmatched","","","",""
"AC004803.1","Unmatched","","","",""
"AC006064.4","Unmatched","","","",""
"AC092821.3","Unmatched","","","",""
"PRR4","Approved symbol","PRR4","proline rich 4","HGNC:18020","12p13.2"
"PRR4","Alias symbol","NECTIN4","nectin cell adhesion molecule 4","HGNC:19688","1q23.3"
"AC087239.1","Unmatched","","","",""
"AC092747.4","Unmatched","","","",""
"ARNTL2","Previous symbol","BMAL2","basic helix-loop-helix ARNT like 2","HGNC:18984","12p11.23"
"AC023157.3","Alias symbol","AMN1-AS1","AMN1 antisense RNA 1","HGNC:58137","12p11.21"
"AC008124.1","Unmatched","","","",""
"AC004241.3","Unmatched","","","",""
"AC004241.1","Unmatched","","","",""
"AC011603.2","Unmatched","","","",""
"AC074032.1","Unmatched","","","",""
"METTL7A","Previous symbol","TMT1A","thiol methyltransferase 1A","HGNC:24550","12q13.12"
"AC139768.1","Unmatched","","","",""
"GRASP","Previous symbol","TAMALIN","trafficking regulator and scaffold protein tamalin","HGNC:18707","12q13.13"
"AC121757.2","Unmatched","","","",""
"AC068888.1","Unmatched","","","",""
"C12orf10","Previous symbol","MYG1","MYG1 exonuclease","HGNC:17590","12q13.13"
"AC073896.2","Unmatched","","","",""
"MARS","Previous symbol","MARS1","methionyl-tRNA synthetase 1","HGNC:6898","12q13.3"
"MARCH9","Previous symbol","MARCHF9","membrane associated ring-CH-type finger 9","HGNC:25139","12q14.1"
"AC048341.1","Unmatched","","","",""
"C12orf66","Previous symbol","KICS2","KICSTOR subunit 2","HGNC:26517","12q14.2"
"AC025159.1","Unmatched","","","",""
"AC121761.2","Unmatched","","","",""
"C12orf29","Previous symbol","RLIG1","RNA 5''-phosphate and 3''-OH ligase 1","HGNC:25322","12q21.32"
"AC025164.1","Unmatched","","","",""
"UHRF1BP1L","Previous symbol","BLTP3B","bridge-like lipid transfer protein family member 3B","HGNC:29102","12q23.1"
"C12orf73","Previous symbol","UQCC6","ubiquinol-cytochrome c reductase complex assembly factor 6","HGNC:34450","12q23.3"
"C12orf45","Previous symbol","NOPCHAP1","NOP protein chaperone 1","HGNC:28628","12q23.3"
"BTBD11","Previous symbol","ABTB3","ankyrin repeat and BTB domain containing 3","HGNC:23844","12q23.3"
"C12orf49","Previous symbol","SPRING1","SREBF pathway regulator in golgi 1","HGNC:26128","12q24.22"
"AC004812.2","Alias symbol","RAB35-AS1","RAB35 antisense RNA 1","HGNC:56348","12q24.23"
"C12orf65","Previous symbol","MTRFR","mitochondrial translation release factor in rescue","HGNC:26784","12q24.31"
"AC026336.3","Unmatched","","","",""
"AC131009.3","Unmatched","","","",""
"AL355001.2","Unmatched","","","",""
"AL161772.1","Unmatched","","","",""
"AL161421.1","Unmatched","","","",""
"AL162377.1","Unmatched","","","",""
"AL359513.1","Unmatched","","","",""
"AL139089.1","Unmatched","","","",""
"FAM155A","Previous symbol","NALF1","NALCN channel auxiliary factor 1","HGNC:33877","13q33.3"
"AL139385.1","Alias symbol","NAXD-AS1","NAXD antisense RNA 1","HGNC:56341","13q34"
"LINC00346","Previous symbol","PRECSIT","p53 regulated carcinoma associated Stat3 activating long intergenic non-protein coding transcript","HGNC:27492","13q34"
"AL139384.2","Unmatched","","","",""
"AL139384.1","Unmatched","","","",""
"AL355075.4","Unmatched","","","",""
"HOMEZ","Approved symbol","HOMEZ","homeobox and leucine zipper encoding","HGNC:20164","14q11.2"
"AL135999.1","Unmatched","","","",""
"AL136295.2","Unmatched","","","",""
"AL136295.6","Unmatched","","","",""
"AL096870.8","Unmatched","","","",""
"AL121603.2","Unmatched","","","",""
"AL627171.2","Unmatched","","","",""
"LINC01588","Approved symbol","LINC01588","long intergenic non-protein coding RNA 1588","HGNC:27503","14q21.3"
"AL391152.1","Unmatched","","","",""
"AL355916.1","Unmatched","","","",""
"AL136038.5","Unmatched","","","",""
"FAM71D","Previous symbol","GARIN2","golgi associated RAB2 interactor family member 2","HGNC:20101","14q23.3"
"MPP5","Previous symbol","PALS1","protein associated with LIN7 1, MAGUK p55 family member","HGNC:18669","14q23.3"
"AL121820.2","Unmatched","","","",""
"AC004816.1","Unmatched","","","",""
"AC004825.2","Unmatched","","","",""
"ELMSAN1","Previous symbol","MIDEAS","mitotic deacetylase associated SANT domain protein","HGNC:19853","14q24.3"
"AC007686.3","Unmatched","","","",""
"AL121839.2","Unmatched","","","",""
"TMEM251","Previous symbol","LYSET","lysosomal enzyme trafficking factor","HGNC:20218","14q32.12"
"AL163051.1","Unmatched","","","",""
"WARS","Previous symbol","WARS1","tryptophanyl-tRNA synthetase 1","HGNC:12729","14q32.2"
"AL118558.3","Unmatched","","","",""
"AL049840.5","Unmatched","","","",""
"ADSSL1","Previous symbol","ADSS1","adenylosuccinate synthase 1","HGNC:20093","14q32.33"
"AC138649.1","Unmatched","","","",""
"FAM189A1","Previous symbol","ENTREP2","endosomal transmembrane epsin interactor 2","HGNC:29075","15q13.1"
"AC022613.1","Unmatched","","","",""
"AC127502.2","Unmatched","","","",""
"AC010809.2","Unmatched","","","",""
"C15orf41","Previous symbol","CDIN1","CDAN1 interacting nuclease 1","HGNC:26929","15q14"
"SRP14-AS1","Previous symbol","SRP14-DT","SRP14 divergent transcript","HGNC:48619","15q15.1"
"AC020659.1","Unmatched","","","",""
"CASC4","Previous symbol","GOLM2","golgi membrane protein 2","HGNC:24892","15q15.3"
"SPATA5L1","Previous symbol","AFG2B","AAA ATPase AFG2B","HGNC:28762","15q21.1"
"FAM214A","Previous symbol","ATOSA","atos homolog A","HGNC:25609","15q21.2-q21.3"
"C15orf65","Previous symbol","PIERCE2","piercer of microtubule wall 2","HGNC:44654","15q21.3"
"AC090517.5","Unmatched","","","",""
"AC103691.1","Unmatched","","","",""
"AC116913.1","Unmatched","","","",""
"AC107871.2","Unmatched","","","",""
"UBL7-AS1","Previous symbol","UBL7-DT","UBL7 divergent transcript","HGNC:48614","15q24.1"
"AC068338.2","Unmatched","","","",""
"ODF3L1","Previous symbol","CIMAP1C","ciliary microtubule associated protein 1C","HGNC:28735","15q24.2"
"WDR61","Previous symbol","SKIC8","SKI8 subunit of superkiller complex","HGNC:30300","15q25.1"
"AC015871.1","Unmatched","","","",""
"AC015871.4","Unmatched","","","",""
"AC016705.2","Unmatched","","","",""
"GOLGA6L10","Approved symbol","GOLGA6L10","golgin A6 family like 10","HGNC:37228","15q25.2"
"UBE2Q2L","Previous symbol","UBE2Q2P16","UBE2Q2 pseudogene 16","HGNC:44656","15q25.2"
"AC124248.1","Unmatched","","","",""
"LINC01578","Previous symbol","CHASERR","CHD2 adjacent suppressive regulatory RNA","HGNC:48626","15q26.1"
"AC015712.1","Unmatched","","","",""
"TARSL2","Previous symbol","TARS3","threonyl-tRNA synthetase 3","HGNC:24728","15q26.3"
"TMEM8A","Previous symbol","PGAP6","post-GPI attachment to proteins 6","HGNC:17205","16p13.3"
"Z92544.2","Unmatched","","","",""
"C16orf91","Previous symbol","UQCC4","ubiquinol-cytochrome c reductase complex assembly factor 4","HGNC:27558","16p13.3"
"SLC9A3R2","Previous symbol","NHERF2","NHERF family PDZ scaffold protein 2","HGNC:11076","16p13.3"
"AC009065.4","Unmatched","","","",""
"AC106820.4","Unmatched","","","",""
"AC093525.6","Unmatched","","","",""
"MMP25-AS1","Approved symbol","MMP25-AS1","MMP25 antisense RNA 1","HGNC:51372","16p13.3"
"AC022167.2","Unmatched","","","",""
"C16orf72","Previous symbol","HAPSTR1","HUWE1 associated protein modifying stress responses","HGNC:30103","16p13.2"
"AC026401.3","Unmatched","","","",""
"FOPNL","Previous symbol","CEP20","centrosomal protein 20","HGNC:26435","16p13.11"
"AC138969.1","Unmatched","","","",""
"AC099518.6","Unmatched","","","",""
"AC099518.5","Unmatched","","","",""
"TMEM159","Previous symbol","LDAF1","lipid droplet assembly factor 1","HGNC:30136","16p12.3"
"AC008915.2","Unmatched","","","",""
"AC133552.5","Unmatched","","","",""
"KIAA0556","Previous symbol","KATNIP","katanin interacting protein","HGNC:29068","16p12.1"
"AC020765.2","Unmatched","","","",""
"AC009133.1","Unmatched","","","",""
"AC012645.1","Unmatched","","","",""
"MYLPF","Previous symbol","MYL11","myosin light chain 11","HGNC:29824","16p11.2"
"AC002310.1","Unmatched","","","",""
"AC093249.6","Unmatched","","","",""
"CCDC189","Previous symbol","CFAP119","cilia and flagella associated protein 119","HGNC:28078","16p11.2"
"AC135050.6","Unmatched","","","",""
"AC026471.1","Unmatched","","","",""
"C16orf58","Previous symbol","RUSF1","RUS family member 1","HGNC:25848","16p11.2"
"ZNF720","Previous symbol","KRABD5","KRAB domain containing 5","HGNC:26987","16p11.2"
"HNRNPA1P48","Previous symbol","HNRNPA1L3","heterogeneous nuclear ribonucleoprotein A1 like 3","HGNC:48778","16q12.1"
"AC018553.1","Unmatched","","","",""
"CRNDE","Approved symbol","CRNDE","colorectal neoplasia differentially expressed","HGNC:37078","16q12.2"
"AC106738.1","Unmatched","","","",""
"AC109462.1","Unmatched","","","",""
"FAM192A","Previous symbol","PSME3IP1","proteasome activator subunit 3 interacting protein 1","HGNC:29856","16q13"
"AC009118.2","Unmatched","","","",""
"AC009118.3","Unmatched","","","",""
"C16orf70","Previous symbol","PHAF1","phagophore assembly factor 1","HGNC:29564","16q22.1"
"KIAA0895L","Previous symbol","MATCAP1","microtubule associated tyrosine carboxypeptidase 1","HGNC:34408","16q22.1"
"AC009061.2","Unmatched","","","",""
"AC020978.5","Unmatched","","","",""
"AC092115.3","Unmatched","","","",""
"AARS","Previous symbol","AARS1","alanyl-tRNA synthetase 1","HGNC:20","16q22.1"
"AC009120.2","Unmatched","","","",""
"KARS","Previous symbol","KARS1","lysyl-tRNA synthetase 1","HGNC:6215","16q23.1"
"AC027279.1","Unmatched","","","",""
"AC092718.4","Unmatched","","","",""
"AC040169.1","Unmatched","","","",""
"AC018695.6","Unmatched","","","",""
"CENPBD1","Previous symbol","CENPBD1P","CENPB DNA-binding domain containing 1, pseudogene","HGNC:28272","16q24.3"
"AC129507.1","Alias symbol","RPH3AL-AS1","RPH3AL antisense RNA 1","HGNC:55345","17p13.3"
"C17orf97","Previous symbol","LIAT1","ligand of ATE1","HGNC:33800","17p13.3"
"AC233723.1","Unmatched","","","",""
"AC012146.1","Unmatched","","","",""
"AC004148.1","Unmatched","","","",""
"AC040977.1","Unmatched","","","",""
"AC016876.1","Alias symbol","MPDU1-AS1","MPDU1 antisense RNA 1","HGNC:40379","17p13.1"
"AC087501.4","Unmatched","","","",""
"COX10-AS1","Previous symbol","COX10-DT","COX10 divergent transcript","HGNC:38873","17p12"
"AC015922.3","Unmatched","","","",""
"AC007952.4","Unmatched","","","",""
"MTRNR2L1","Approved symbol","MTRNR2L1","MT-RNR2 like 1 (pseudogene)","HGNC:37155","17p11.2"
"AC015917.2","Unmatched","","","",""
"KIAA0100","Previous symbol","BLTP2","bridge-like lipid transfer protein family member 2","HGNC:28960","17q11.2"
"AC005562.1","Unmatched","","","",""
"AC116407.2","Unmatched","","","",""
"AC006449.6","Unmatched","","","",""
"AC009283.1","Unmatched","","","",""
"AC073508.3","Unmatched","","","",""
"TMEM99","Previous symbol","KRT10-AS1","KRT10 antisense RNA 1","HGNC:28305","17q21.2"
"AC067852.2","Unmatched","","","",""
"AC060780.1","Unmatched","","","",""
"C17orf53","Previous symbol","HROB","homologous recombination factor with OB-fold","HGNC:28460","17q21.31"
"AC003102.1","Unmatched","","","",""
"AC142472.1","Unmatched","","","",""
"ARL17B","Approved symbol","ARL17B","ARF like GTPase 17B","HGNC:32387","17q21.31"
"AC005670.3","Unmatched","","","",""
"AC018521.5","Unmatched","","","",""
"PHB","Previous symbol","PHB1","prohibitin 1","HGNC:8912","17q21.33"
"FLJ45513","Unmatched","","","",""
"AC005921.2","Unmatched","","","",""
"AC006141.1","Unmatched","","","",""
"AC015912.3","Unmatched","","","",""
"AC007114.1","Unmatched","","","",""
"AC015813.1","Unmatched","","","",""
"AC091271.1","Unmatched","","","",""
"C17orf82","Previous symbol","LINC02875","long intergenic non-protein coding RNA 2875","HGNC:32699","17q23.2"
"AC145343.1","Unmatched","","","",""
"AC005332.6","Unmatched","","","",""
"AC005332.3","Unmatched","","","",""
"AC005332.5","Unmatched","","","",""
"FAM104A","Previous symbol","VCF1","VCP nuclear cofactor family member 1","HGNC:25918","17q25.1"
"C17orf80","Previous symbol","MTNAP1","mitochondrial nucleoid associated protein 1","HGNC:29601","17q25.1"
"AC064805.1","Unmatched","","","",""
"AC015802.6","Unmatched","","","",""
"TNRC6C-AS1","Previous symbol","TMC6","transmembrane channel like 6","HGNC:18021","17q25.3"
"AC061992.2","Unmatched","","","",""
"AC087741.2","Unmatched","","","",""
"AC087741.1","Unmatched","","","",""
"AC027601.1","Unmatched","","","",""
"AC027601.6","Unmatched","","","",""
"AC110285.2","Unmatched","","","",""
"AC139530.3","Unmatched","","","",""
"AC139530.1","Unmatched","","","",""
"AC145207.3","Unmatched","","","",""
"AC145207.5","Alias symbol","LINC03149","long intergenic non-protein coding RNA 3149","HGNC:58369","17q25.3"
"MAFG-DT","Previous symbol","MILIP","MYC inducible lncRNA inactivating p53","HGNC:43649","17q25.3"
"AC132872.1","Unmatched","","","",""
"AC132938.3","Unmatched","","","",""
"AC124283.1","Unmatched","","","",""
"AC144831.1","Unmatched","","","",""
"AP000894.4","Unmatched","","","",""
"AP005136.3","Unmatched","","","",""
"AP005329.3","Unmatched","","","",""
"AP005329.1","Unmatched","","","",""
"AP001021.1","Unmatched","","","",""
"AP005205.2","Unmatched","","","",""
"AP005137.2","Unmatched","","","",""
"AP001269.4","Unmatched","","","",""
"AC010754.1","Unmatched","","","",""
"AC007996.1","Unmatched","","","",""
"AC023043.1","Unmatched","","","",""
"AC023043.4","Unmatched","","","",""
"C18orf25","Previous symbol","ARK2N","arkadia (RNF111) N-terminal like PKA signaling regulator 2N","HGNC:28172","18q21.1"
"RNF165","Previous symbol","ARK2C","arkadia (RNF111) C-terminal like ring finger ubiquitin ligase 2C","HGNC:31696","18q21.1"
"NARS","Previous symbol","NARS1","asparaginyl-tRNA synthetase 1","HGNC:7643","18q21.31"
"AC027097.1","Unmatched","","","",""
"AC036176.1","Unmatched","","","",""
"LINC00909","Previous symbol","ZNF407-AS1","ZNF407 antisense RNA 1","HGNC:44331","18q22.3"
"ZADH2","Previous symbol","PTGR3","prostaglandin reductase 3","HGNC:28697","18q22.3"
"AC068473.5","Unmatched","","","",""
"AC016588.2","Unmatched","","","",""
"AC027307.2","Unmatched","","","",""
"AC012615.1","Unmatched","","","",""
"AC005306.1","Unmatched","","","",""
"AC005944.1","Unmatched","","","",""
"AC005523.2","Unmatched","","","",""
"AC011444.1","Unmatched","","","",""
"AC010503.4","Unmatched","","","",""
"AC008760.2","Unmatched","","","",""
"AC008946.1","Unmatched","","","",""
"MARCH2","Previous symbol","MARCHF2","membrane associated ring-CH-type finger 2","HGNC:28038","19p13.2"
"AC092069.1","Unmatched","","","",""
"CCDC130","Previous symbol","YJU2B","YJU2 splicing factor homolog B","HGNC:28118","19p13.13"
"AC020916.1","Unmatched","","","",""
"C19orf57","Previous symbol","BRME1","break repair meiotic recombinase recruitment factor 1","HGNC:28153","19p13.12"
"AC024075.2","Unmatched","","","",""
"AC010618.3","Unmatched","","","",""
"AC010615.2","Unmatched","","","",""
"AC092329.4","Unmatched","","","",""
"AC092279.1","Unmatched","","","",""
"AC006504.5","Unmatched","","","",""
"AC006504.7","Unmatched","","","",""
"AC007773.1","Unmatched","","","",""
"AC008736.1","Unmatched","","","",""
"AC008556.1","Unmatched","","","",""
"KIAA0355","Previous symbol","GARRE1","granule associated Rac and RHOG effector 1","HGNC:29016","19q13.11"
"AC020910.5","Unmatched","","","",""
"AC020907.1","Unmatched","","","",""
"AC002116.2","Unmatched","","","",""
"LINC01534","Previous symbol","ZNF567-DT","ZNF567 divergent transcript","HGNC:51281","19q13.12"
"AC011479.4","Unmatched","","","",""
"AC022144.1","Unmatched","","","",""
"LGALS7B","Approved symbol","LGALS7B","galectin 7B","HGNC:34447","19q13.2"
"AC011445.2","Unmatched","","","",""
"C19orf54","Previous symbol","ACTMAP","actin maturation protease","HGNC:24758","19q13.2"
"AC243964.3","Unmatched","","","",""
"AC092306.1","Unmatched","","","",""
"CD3EAP","Previous symbol","POLR1G","RNA polymerase I subunit G","HGNC:24219","19q13.32"
"AC074212.1","Unmatched","","","",""
"FAM71E1","Previous symbol","GARIN5A","golgi associated RAB2 interactor 5A","HGNC:25107","19q13.33"
"C19orf48","Previous symbol","C19orf48P","chromosome 19 open reading frame 48, pseudogene","HGNC:29667","19q13.33"
"AC005261.1","Unmatched","","","",""
"AC008969.1","Unmatched","","","",""
"AC020915.2","Unmatched","","","",""
"AC010642.2","Unmatched","","","",""
"AL110114.1","Unmatched","","","",""
"AL117335.1","Unmatched","","","",""
"AL121899.1","Unmatched","","","",""
"C20orf194","Previous symbol","DNAAF9","dynein axonemal assembly factor 9","HGNC:17721","20p13"
"C20orf27","Previous symbol","ADISSP","adipose secreted signaling protein","HGNC:15873","20p13"
"AL353194.1","Unmatched","","","",""
"AL035461.2","Unmatched","","","",""
"LINC00653","Previous symbol","LCDR","lysosome cell death regulator","HGNC:44308","20p11.23"
"AL117332.1","Unmatched","","","",""
"AL118508.1","Unmatched","","","",""
"AL035661.1","Alias symbol","LINC02967","long intergenic non-protein coding RNA 2967","HGNC:56007","20p11.21"
"AL390198.1","Unmatched","","","",""
"AL035071.1","Unmatched","","","",""
"ACTL10","Approved symbol","ACTL10","actin like 10","HGNC:16127","20q11.22"
"SOGA1","Previous symbol","MTCL2","microtubule crosslinking factor 2","HGNC:16111","20q11.23"
"AL359555.4","Unmatched","","","",""
"AL023803.1","Unmatched","","","",""
"AL118522.1","Unmatched","","","",""
"AL162458.1","Unmatched","","","",""
"AL031666.1","Unmatched","","","",""
"TMEM189","Previous symbol","PEDS1","plasmanylethanolamine desaturase 1","HGNC:16735","20q13.13"
"SMIM25","Previous symbol","PELATON","plaque enriched lncRNA in atherosclerotic and inflammatory bowel macrophage regulation","HGNC:50328","20q13.13"
"MTRNR2L3","Approved symbol","MTRNR2L3","MT-RNR2 like 3 (pseudogene)","HGNC:37157","20q13.31"
"AL354836.1","Unmatched","","","",""
"AL121832.2","Alias symbol","RPS21-DT","RPS21 divergent transcript","HGNC:56740","20q13.33"
"AL117379.1","Unmatched","","","",""
"AL118506.1","Unmatched","","","",""
"GATD3B","Entry withdrawn","GATD3B","","HGNC:53816",""
"FP565260.1","Unmatched","","","",""
"FP565260.6","Unmatched","","","",""
"SIK1B","Entry withdrawn","SIK1B","","HGNC:52389",""
"CU638689.4","Unmatched","","","",""
"CU638689.5","Unmatched","","","",""
"CU634019.5","Unmatched","","","",""
"AP001347.1","Unmatched","","","",""
"AJ009632.2","Unmatched","","","",""
"AP000251.1","Unmatched","","","",""
"AP000254.2","Unmatched","","","",""
"AP000704.1","Unmatched","","","",""
"AL844908.1","Unmatched","","","",""
"FAM207A","Previous symbol","SLX9","SLX9 ribosome biogenesis factor","HGNC:15811","21q22.3"
"AP001505.1","Unmatched","","","",""
"AP000525.1","Unmatched","","","",""
"AC006946.2","Unmatched","","","",""
"DGCR9","Previous symbol","DGCR5","DiGeorge syndrome critical region gene 5","HGNC:16757","22q11.21"
"AC000068.1","Unmatched","","","",""
"AC000068.3","Unmatched","","","",""
"AC006547.3","Unmatched","","","",""
"AC002470.1","Unmatched","","","",""
"AC245060.5","Unmatched","","","",""
"Z95115.1","Unmatched","","","",""
"Z93930.2","Unmatched","","","",""
"AC003681.1","Unmatched","","","",""
"AL096701.4","Unmatched","","","",""
"H1F0","Previous symbol","H1-0","H1.0 linker histone","HGNC:4714","22q13.1"
"AL022311.1","Unmatched","","","",""
"AL021707.2","Unmatched","","","",""
"AL021707.6","Unmatched","","","",""
"Z93241.1","Unmatched","","","",""
"BX537318.1","Unmatched","","","",""
"AL121672.3","Unmatched","","","",""
"AL021392.1","Unmatched","","","",""
"AL118516.1","Unmatched","","","",""
"AL078622.1","Unmatched","","","",""
"BX539320.1","Unmatched","","","",""
"AL022328.4","Unmatched","","","",""
"ODF3B","Previous symbol","CIMAP1B","ciliary microtubule associated protein 1B","HGNC:34388","22q13.33"
"U62317.4","Unmatched","","","",""
"U62317.1","Unmatched","","","",""
"BX890604.2","Unmatched","","","",""
"FAM104B","Previous symbol","VCF2","VCP nuclear cofactor family member 2","HGNC:25085","Xp11.21"
"MTRNR2L10","Approved symbol","MTRNR2L10","MT-RNR2 like 10 (pseudogene)","HGNC:37167","Xp11.21"
"Z83843.1","Unmatched","","","",""
"TMSB15B-1","Unmatched","","","",""
"CXorf56","Previous symbol","STEEP1","STING1 ER exit protein 1","HGNC:26239","Xq24"
"AL121601.1","Unmatched","","","",""
"AL022162.1","Unmatched","","","",""
"FAM122B","Previous symbol","PABIR2","PABIR family member 2","HGNC:30490","Xq26.3"
"FAM122C","Previous symbol","PABIR3","PABIR family member 3","HGNC:25202","Xq26.3"
"AL683813.1","Unmatched","","","",""
"LINC00893","Previous symbol","EOLA1-DT","EOLA1 divergent transcript","HGNC:44265","Xq28"
"CXorf40A","Previous symbol","EOLA1","endothelium and lymphocyte associated ASCH domain 1","HGNC:28089","Xq28"
"CXorf40B","Previous symbol","EOLA2","endothelium and lymphocyte associated ASCH domain 2","HGNC:17402","Xq28"
"LINC00894","Previous symbol","EOLA2-DT","EOLA2 divergent transcript","HGNC:48579","Xq28"
"TAZ","Previous symbol","TAFAZZIN","tafazzin, phospholipid-lysophospholipid transacylase","HGNC:11577","Xq28"
"TAZ","Alias symbol","WWTR1","WW domain containing transcription regulator 1","HGNC:24042","3q25.1"
"AC244090.1","Unmatched","","","",""
"F8A1","Approved symbol","F8A1","coagulation factor VIII associated 1","HGNC:3547","Xq28"
"MT-ATP8","Approved symbol","MT-ATP8","mitochondrially encoded ATP synthase membrane subunit 8","HGNC:7415","mitochondria"
"MT-ND4L","Approved symbol","MT-ND4L","mitochondrially encoded NADH:ubiquinone oxidoreductase core subunit 4L","HGNC:7460","mitochondria"
"MT-ND5","Approved symbol","MT-ND5","mitochondrially encoded NADH:ubiquinone oxidoreductase core subunit 5","HGNC:7461","mitochondria"
"MT-ND6","Approved symbol","MT-ND6","mitochondrially encoded NADH:ubiquinone oxidoreductase core subunit 6","HGNC:7462","mitochondria"
"AC011043.1","Unmatched","","","",""
"AC007325.4","Unmatched","","","",""
